{"cameraMode":{"drawMode":0,"name":"Shaded","section":"Shading Mode"},"sceneLighting":true,"audioPlay":false,"sceneViewState":{"showFog":true,"showMaterialUpdate":false,"showSkybox":true,"showFlares":true,"showImageEffects":true,"showParticleSystems":true},"in2DMode":false,"pivot":{"x":298.91998291015627,"y":2.1700000762939455,"z":0.0},"rotation":{"x":-0.1888464242219925,"y":0.40345245599746706,"z":-0.08549070358276367,"w":-0.8912124037742615},"size":6.157891750335693,"orthographic":false}